USE [RG-Toolkit]
GO
INSERT [dbo].[ContentType] ([ID], [Name], [AllowStreamResponse], [IsActive], [CreateDate], [LastUpdate]) VALUES (N'813d2f35-a099-ef11-aced-021fe1d77a3b', N'application/json', 0, 1, CAST(N'2024-11-02T23:58:04.800' AS DateTime), CAST(N'2024-11-02T23:58:04.800' AS DateTime))
GO
INSERT [dbo].[ContentType] ([ID], [Name], [AllowStreamResponse], [IsActive], [CreateDate], [LastUpdate]) VALUES (N'8e3d2f35-a099-ef11-aced-021fe1d77a3b', N'application/octet-stream', 1, 1, CAST(N'2024-11-02T23:58:04.800' AS DateTime), CAST(N'2024-11-02T23:58:04.800' AS DateTime))
GO
INSERT [dbo].[ContentType] ([ID], [Name], [AllowStreamResponse], [IsActive], [CreateDate], [LastUpdate]) VALUES (N'833d2f35-a099-ef11-aced-021fe1d77a3b', N'application/pdf', 1, 1, CAST(N'2024-11-02T23:58:04.800' AS DateTime), CAST(N'2024-11-02T23:58:04.800' AS DateTime))
GO
INSERT [dbo].[ContentType] ([ID], [Name], [AllowStreamResponse], [IsActive], [CreateDate], [LastUpdate]) VALUES (N'823d2f35-a099-ef11-aced-021fe1d77a3b', N'application/xml', 0, 1, CAST(N'2024-11-02T23:58:04.800' AS DateTime), CAST(N'2024-11-02T23:58:04.800' AS DateTime))
GO
INSERT [dbo].[ContentType] ([ID], [Name], [AllowStreamResponse], [IsActive], [CreateDate], [LastUpdate]) VALUES (N'883d2f35-a099-ef11-aced-021fe1d77a3b', N'audio/mpeg', 1, 1, CAST(N'2024-11-02T23:58:04.800' AS DateTime), CAST(N'2024-11-02T23:58:04.800' AS DateTime))
GO
INSERT [dbo].[ContentType] ([ID], [Name], [AllowStreamResponse], [IsActive], [CreateDate], [LastUpdate]) VALUES (N'893d2f35-a099-ef11-aced-021fe1d77a3b', N'audio/ogg', 1, 1, CAST(N'2024-11-02T23:58:04.800' AS DateTime), CAST(N'2024-11-02T23:58:04.800' AS DateTime))
GO
INSERT [dbo].[ContentType] ([ID], [Name], [AllowStreamResponse], [IsActive], [CreateDate], [LastUpdate]) VALUES (N'8a3d2f35-a099-ef11-aced-021fe1d77a3b', N'audio/wav', 1, 1, CAST(N'2024-11-02T23:58:04.800' AS DateTime), CAST(N'2024-11-02T23:58:04.800' AS DateTime))
GO
INSERT [dbo].[ContentType] ([ID], [Name], [AllowStreamResponse], [IsActive], [CreateDate], [LastUpdate]) VALUES (N'863d2f35-a099-ef11-aced-021fe1d77a3b', N'image/gif', 1, 1, CAST(N'2024-11-02T23:58:04.800' AS DateTime), CAST(N'2024-11-02T23:58:04.800' AS DateTime))
GO
INSERT [dbo].[ContentType] ([ID], [Name], [AllowStreamResponse], [IsActive], [CreateDate], [LastUpdate]) VALUES (N'853d2f35-a099-ef11-aced-021fe1d77a3b', N'image/jpeg', 1, 1, CAST(N'2024-11-02T23:58:04.800' AS DateTime), CAST(N'2024-11-02T23:58:04.800' AS DateTime))
GO
INSERT [dbo].[ContentType] ([ID], [Name], [AllowStreamResponse], [IsActive], [CreateDate], [LastUpdate]) VALUES (N'843d2f35-a099-ef11-aced-021fe1d77a3b', N'image/png', 1, 1, CAST(N'2024-11-02T23:58:04.800' AS DateTime), CAST(N'2024-11-02T23:58:04.800' AS DateTime))
GO
INSERT [dbo].[ContentType] ([ID], [Name], [AllowStreamResponse], [IsActive], [CreateDate], [LastUpdate]) VALUES (N'873d2f35-a099-ef11-aced-021fe1d77a3b', N'image/svg+xml', 0, 1, CAST(N'2024-11-02T23:58:04.800' AS DateTime), CAST(N'2024-11-02T23:58:04.800' AS DateTime))
GO
INSERT [dbo].[ContentType] ([ID], [Name], [AllowStreamResponse], [IsActive], [CreateDate], [LastUpdate]) VALUES (N'803d2f35-a099-ef11-aced-021fe1d77a3b', N'text/html', 1, 1, CAST(N'2024-11-02T23:58:04.800' AS DateTime), CAST(N'2024-11-02T23:58:04.800' AS DateTime))
GO
INSERT [dbo].[ContentType] ([ID], [Name], [AllowStreamResponse], [IsActive], [CreateDate], [LastUpdate]) VALUES (N'7f3d2f35-a099-ef11-aced-021fe1d77a3b', N'text/plain', 1, 1, CAST(N'2024-11-02T23:58:04.800' AS DateTime), CAST(N'2024-11-02T23:58:04.800' AS DateTime))
GO
INSERT [dbo].[ContentType] ([ID], [Name], [AllowStreamResponse], [IsActive], [CreateDate], [LastUpdate]) VALUES (N'8b3d2f35-a099-ef11-aced-021fe1d77a3b', N'video/mp4', 1, 1, CAST(N'2024-11-02T23:58:04.800' AS DateTime), CAST(N'2024-11-02T23:58:04.800' AS DateTime))
GO
INSERT [dbo].[ContentType] ([ID], [Name], [AllowStreamResponse], [IsActive], [CreateDate], [LastUpdate]) VALUES (N'8c3d2f35-a099-ef11-aced-021fe1d77a3b', N'video/ogg', 1, 1, CAST(N'2024-11-02T23:58:04.800' AS DateTime), CAST(N'2024-11-02T23:58:04.800' AS DateTime))
GO
INSERT [dbo].[ContentType] ([ID], [Name], [AllowStreamResponse], [IsActive], [CreateDate], [LastUpdate]) VALUES (N'8d3d2f35-a099-ef11-aced-021fe1d77a3b', N'video/webm', 1, 1, CAST(N'2024-11-02T23:58:04.800' AS DateTime), CAST(N'2024-11-02T23:58:04.800' AS DateTime))
GO
INSERT [dbo].[Tenant] ([ID], [Name], [IsActive], [CreateDate], [LastUpdate]) VALUES (N'00000000-0000-0000-0000-000000000000', N'System', 1, CAST(N'2024-11-02T23:58:04.887' AS DateTime), CAST(N'2024-11-02T23:58:04.887' AS DateTime))
GO
INSERT [dbo].[Tenant] ([ID], [Name], [IsActive], [CreateDate], [LastUpdate]) VALUES (N'787923ab-0d9f-ef11-aced-021fe1d77a3b', N'Bigstar', 1, CAST(N'2024-11-09T20:44:13.637' AS DateTime), CAST(N'2024-11-09T20:44:13.637' AS DateTime))
GO
INSERT [dbo].[Object] ([TenantID], [ID], [Name], [ContentTypeName], [ObjectSchema], [IsActive], [CreateDate], [LastUpdate]) VALUES (N'00000000-0000-0000-0000-000000000000', N'34ff30ad-f0c2-4a2e-9643-c01191057c93', N'input_message', N'text/plain', NULL, 1, CAST(N'2024-11-02T23:58:04.900' AS DateTime), CAST(N'2024-11-02T23:58:04.900' AS DateTime))
GO
INSERT [dbo].[Prompt] ([Description], [TenantID], [ID], [Name], [SystemPrompt], [ReponseContentTypeName], [DoStreamResponse], [IsActive], [CreateDate], [LastUpdate]) VALUES ('', N'00000000-0000-0000-0000-000000000000', N'57111519-5332-4315-b49c-4bbe76297148', N'demo_greeter_weather', N'You are a helpful greeter. Lookup current weather conditions for a random major city and return it with your greeting.
Please re-format the weather as plain text. Include the name of the nearby city.', N'text/plain', 1, 1, CAST(N'2024-11-02T23:58:04.890' AS DateTime), CAST(N'2024-11-02T23:58:04.890' AS DateTime))
GO
INSERT [dbo].[Prompt] ([Description], [TenantID], [ID], [Name], [SystemPrompt], [ReponseContentTypeName], [DoStreamResponse], [IsActive], [CreateDate], [LastUpdate]) VALUES ('', N'00000000-0000-0000-0000-000000000000', N'a2bae879-77ba-40ee-b1c5-5cf21ff16453', N'demo_greeter', N'You are a helpful greeter.', N'text/plain', NULL, 1, CAST(N'2024-11-02T23:58:04.890' AS DateTime), CAST(N'2024-11-02T23:58:04.890' AS DateTime))
GO
INSERT [dbo].[Prompt] ([Description], [TenantID], [ID], [Name], [SystemPrompt], [ReponseContentTypeName], [DoStreamResponse], [IsActive], [CreateDate], [LastUpdate]) VALUES ('', N'787923ab-0d9f-ef11-aced-021fe1d77a3b', N'3efddfbc-0ed2-43d7-9232-5461b8709762', N'instore_experience_helper', N'
You are an expert customer service agent for Big Star. 
You can help find items (groceries, school supplies, grocery hardware items, etc.). 
Gently disregard off-topic conversation.
You dont know everything, so dont make outside inferences. 
Stick to the GROCERY ITEMS information, if provided. 
NOTE: If you cannot find the item, politely say that you cannot find it.
NOTE: Not all GROCERY ITEMS are relvant. Ignore the ones that dont match the users request. 

You have a neighborly, warm tone. Keep it professional. 
You may include emoji where it would help. 
Respond only in plain text prose. Do not number your lists. Do not use markdown.
Limit your responses to 1-3 GROCERY ITEMS. Be concise and try not to repeat yourself.

Expand abbreviations where possible, or just omit them if it is unclear.
For example, 
    "BSTCHC" -> "Best Choice"
    "BST-CH" -> "Best Choice"
    "BST CH" -> "Best Choice"
    "AL SAVE" -> "Always Save"

Refer to these special aisles by their section name, not the aisle data:
    130 -> "Freezer Section (# 130)"
    200 -> "Cooler Section (# 200)"
    300 -> "Dairy Cooler (# 300)"
    600 -> "Butcher Shop (# 600)"
', N'text/plain', NULL, 1, CAST(N'2024-11-09T20:54:46.663' AS DateTime), CAST(N'2024-11-09T20:54:46.663' AS DateTime))
GO
INSERT [dbo].[Filter] ([TenantID], [ID], [Name], [Description], [Assembly], [Type], [Method], [IsActive], [CreateDate], [LastUpdate]) VALUES (N'00000000-0000-0000-0000-000000000000', N'ce321dab-f000-49e5-84b4-ce66925de3bc', N'hap_default', N'Lightweight default HAP filter.', NULL, NULL, NULL, 1, CAST(N'2024-11-02T23:58:04.910' AS DateTime), CAST(N'2024-11-02T23:58:04.910' AS DateTime))
GO
INSERT [dbo].[PromptFilters] ([TenantID], [ID], [PromptID], [FilterID], [IsActive], [CreateDate], [LastUpdate]) VALUES (N'00000000-0000-0000-0000-000000000000', N'903d2f35-a099-ef11-aced-021fe1d77a3b', N'57111519-5332-4315-b49c-4bbe76297148', N'ce321dab-f000-49e5-84b4-ce66925de3bc', 1, CAST(N'2024-11-02T23:58:04.913' AS DateTime), CAST(N'2024-11-02T23:58:04.913' AS DateTime))
GO
INSERT [dbo].[PromptObjects] ([TenantID], [ID], [PromptID], [ObjectID], [IsInput], [IsActive], [CreateDate], [LastUpdate]) VALUES (N'00000000-0000-0000-0000-000000000000', N'c4d25d31-1220-4860-a159-f81c5f741ade', N'a2bae879-77ba-40ee-b1c5-5cf21ff16453', N'34ff30ad-f0c2-4a2e-9643-c01191057c93', 1, 1, CAST(N'2024-11-02T23:58:04.900' AS DateTime), CAST(N'2024-11-02T23:58:04.900' AS DateTime))
GO
INSERT [dbo].[Persona] ([TenantID], [ID], [Name], [Gender], [LanguageCode], [SystemPrompt], [Is_Active], [CreateDate], [LastUpdate]) VALUES (N'787923ab-0d9f-ef11-aced-021fe1d77a3b', N'cb9b6c1a-f1ef-4908-a7f7-300b02cb1592', N'chef_female_spanish', N'F', N'es', NULL, 1, CAST(N'2024-11-23T17:41:24.737' AS DateTime), CAST(N'2024-11-23T17:41:24.737' AS DateTime))
GO
INSERT [dbo].[Persona] ([TenantID], [ID], [Name], [Gender], [LanguageCode], [SystemPrompt], [Is_Active], [CreateDate], [LastUpdate]) VALUES (N'787923ab-0d9f-ef11-aced-021fe1d77a3b', N'8c236cd7-0fcd-4107-97af-7b15865e7e82', N'chef_female', N'F', N'en', NULL, 1, CAST(N'2024-11-23T17:41:24.723' AS DateTime), CAST(N'2024-11-23T17:41:24.723' AS DateTime))
GO
INSERT [dbo].[Persona] ([TenantID], [ID], [Name], [Gender], [LanguageCode], [SystemPrompt], [Is_Active], [CreateDate], [LastUpdate]) VALUES (N'787923ab-0d9f-ef11-aced-021fe1d77a3b', N'5f0501a3-ccf2-4d38-be62-afe307bd8dba', N'chef_male', N'M', N'en', NULL, 1, CAST(N'2024-11-23T17:41:24.733' AS DateTime), CAST(N'2024-11-23T17:41:24.733' AS DateTime))
GO
INSERT [dbo].[Persona] ([TenantID], [ID], [Name], [Gender], [LanguageCode], [SystemPrompt], [Is_Active], [CreateDate], [LastUpdate]) VALUES (N'787923ab-0d9f-ef11-aced-021fe1d77a3b', N'76ac9edc-0951-4aa3-91e1-f4b6bc67f9c6', N'chef_male_spanish', N'M', N'es', NULL, 1, CAST(N'2024-11-23T17:41:24.740' AS DateTime), CAST(N'2024-11-23T17:41:24.740' AS DateTime))
GO
INSERT [dbo].[PromptPersonas] ([TenantID], [ID], [PromptID], [PersonaID], [Ordinal], [Is_Active], [CreateDate], [LastUpdate]) VALUES (N'787923ab-0d9f-ef11-aced-021fe1d77a3b', N'ee69cea6-ac5a-402b-bd64-2d8b5df9eac5', N'3efddfbc-0ed2-43d7-9232-5461b8709762', N'76ac9edc-0951-4aa3-91e1-f4b6bc67f9c6', 3, 1, CAST(N'2024-11-23T17:41:24.740' AS DateTime), CAST(N'2024-11-23T17:41:24.740' AS DateTime))
GO
INSERT [dbo].[PromptPersonas] ([TenantID], [ID], [PromptID], [PersonaID], [Ordinal], [Is_Active], [CreateDate], [LastUpdate]) VALUES (N'787923ab-0d9f-ef11-aced-021fe1d77a3b', N'edf176a9-335d-45a1-8492-638a9ce53aad', N'3efddfbc-0ed2-43d7-9232-5461b8709762', N'5f0501a3-ccf2-4d38-be62-afe307bd8dba', 1, 1, CAST(N'2024-11-23T17:41:24.737' AS DateTime), CAST(N'2024-11-23T17:41:24.737' AS DateTime))
GO
INSERT [dbo].[PromptPersonas] ([TenantID], [ID], [PromptID], [PersonaID], [Ordinal], [Is_Active], [CreateDate], [LastUpdate]) VALUES (N'787923ab-0d9f-ef11-aced-021fe1d77a3b', N'c2962197-b920-4293-8927-9f1882b34e47', N'3efddfbc-0ed2-43d7-9232-5461b8709762', N'cb9b6c1a-f1ef-4908-a7f7-300b02cb1592', 2, 1, CAST(N'2024-11-23T17:41:24.740' AS DateTime), CAST(N'2024-11-23T17:41:24.740' AS DateTime))
GO
INSERT [dbo].[PromptPersonas] ([TenantID], [ID], [PromptID], [PersonaID], [Ordinal], [Is_Active], [CreateDate], [LastUpdate]) VALUES (N'787923ab-0d9f-ef11-aced-021fe1d77a3b', N'6a9357e2-1fe1-44ed-af38-eecfcb1cc9a6', N'3efddfbc-0ed2-43d7-9232-5461b8709762', N'8c236cd7-0fcd-4107-97af-7b15865e7e82', 0, 1, CAST(N'2024-11-23T17:41:24.730' AS DateTime), CAST(N'2024-11-23T17:41:24.730' AS DateTime))
GO
INSERT [dbo].[AccessKey] ([TenantID], [ID], [KeyValue], [IsActive], [CreateDate], [LastUpdate]) VALUES (N'00000000-0000-0000-0000-000000000000', N'f017eca4-bcc4-4e04-abeb-464c8792a467', N'9ca151e3-d544-4b85-b44b-bbe055220808', 1, CAST(N'2024-11-02T23:58:04.907' AS DateTime), CAST(N'2024-11-02T23:58:04.907' AS DateTime))
GO
INSERT [dbo].[Tool] ([TenantID], [ID], [Name], [Description], [Parameters], [Assembly], [Type], [Method], [IsActive], [CreateDate], [LastUpdate]) VALUES (N'00000000-0000-0000-0000-000000000000', N'9642f94f-d0b0-4cb4-9555-d3d76a77bc4c', N'get_greeting', N'Gets the next greeting', N'{"Type": "object", "Properties": {"message": {"Type": "string"}}, "Required": ["message"]}', NULL, N'DefaultToolHelper', N'GetGreeting', 1, CAST(N'2024-11-02T23:58:04.903' AS DateTime), CAST(N'2024-11-02T23:58:04.903' AS DateTime))
GO
INSERT [dbo].[Tool] ([TenantID], [ID], [Name], [Description], [Parameters], [Assembly], [Type], [Method], [IsActive], [CreateDate], [LastUpdate]) VALUES (N'787923ab-0d9f-ef11-aced-021fe1d77a3b', N'fa84bbdf-a4b2-4ae3-82f4-6d387c258633', N'find_grocery_items', N'', N'', N'rg-integrations-epic', N'rg.integrations.epic.Tools.Memory.FindGroceryItemVectorStoreMemory', N'', 1, CAST(N'2024-11-09T21:06:06.440' AS DateTime), CAST(N'2024-11-09T21:06:06.440' AS DateTime))
GO
INSERT [dbo].[PromptTools] ([TenantID], [ID], [PromptID], [ToolID], [IsActive], [CreateDate], [LastUpdate]) VALUES (N'00000000-0000-0000-0000-000000000000', N'8f3d2f35-a099-ef11-aced-021fe1d77a3b', N'a2bae879-77ba-40ee-b1c5-5cf21ff16453', N'9642f94f-d0b0-4cb4-9555-d3d76a77bc4c', 1, CAST(N'2024-11-02T23:58:04.907' AS DateTime), CAST(N'2024-11-02T23:58:04.907' AS DateTime))
GO
INSERT [dbo].[PromptTools] ([TenantID], [ID], [PromptID], [ToolID], [IsActive], [CreateDate], [LastUpdate]) VALUES (N'787923ab-0d9f-ef11-aced-021fe1d77a3b', N'40cbdbcb-109f-ef11-aced-021fe1d77a3b', N'3efddfbc-0ed2-43d7-9232-5461b8709762', N'fa84bbdf-a4b2-4ae3-82f4-6d387c258633', 1, CAST(N'2024-11-09T21:06:37.023' AS DateTime), CAST(N'2024-11-09T21:06:37.023' AS DateTime))
GO
